timestamp,source,category,title,content,views,likes
2025-12-11 17:25:11.088177,央视新闻,财经,新闻标题1,这是第1条新闻的内容摘要...,6328,31
2025-12-11 10:28:11.088177,央视新闻,科技,新闻标题2,这是第2条新闻的内容摘要...,8226,338
2025-12-11 03:36:11.088177,央视新闻,国际,新闻标题3,这是第3条新闻的内容摘要...,2077,701
2025-12-11 16:27:11.088177,新华网,娱乐,新闻标题4,这是第4条新闻的内容摘要...,9131,129
2025-12-11 16:01:11.088177,人民网,科技,新闻标题5,这是第5条新闻的内容摘要...,1952,919
2025-12-11 02:51:11.088177,澎湃新闻,娱乐,新闻标题6,这是第6条新闻的内容摘要...,1211,787
2025-12-11 08:46:11.088177,央视新闻,体育,新闻标题7,这是第7条新闻的内容摘要...,3153,829
2025-12-11 23:20:11.088177,澎湃新闻,财经,新闻标题8,这是第8条新闻的内容摘要...,5126,925
2025-12-10 23:55:11.088177,央视新闻,科技,新闻标题9,这是第9条新闻的内容摘要...,7175,139
2025-12-11 04:23:11.088177,新华网,体育,新闻标题10,这是第10条新闻的内容摘要...,3665,147
